id;nome;nome_completo;criado_em;atualizado_em;cpf;rg;email;telefone_celular;foto_url;funcionario;data_nascimento;crefito;telefone;foto_url_endereco;indicacao;ativo;sexo
1;payment;Cotton;2020-01-05T20:57:04;2020-01-05T18:09:54;Executive;quantify;Sven_Russel@yahoo.com;Borders;withdrawal Administrator human-resource;true;2020-01-06T01:52:36;channels;clear-thinking generate;THX Home Cote d'Ivoire;Incredible Metal Mouse;false;Masculino
2;backing up;payment Identity deliverables;2020-01-05T21:26:36;2020-01-06T09:43:03;hard drive Enterprise-wide index;Corporate Accounts;Sister_Hegmann32@gmail.com;Wyoming;visualize;true;2020-01-05T15:06:43;Canadian Dollar;Bedfordshire optimizing;transmit;SQL deposit North Korean Won;false;Feminino
3;Internal Frozen navigating;Intelligent Frozen Fish;2020-01-06T05:14:40;2020-01-05T20:02:02;GB Unbranded cross-platform;Cambridgeshire;Furman.Beier@hotmail.com;connect Platinum parsing;Rustic Borders Reactive;false;2020-01-05T20:47:54;neural;Operations;Secured Burundi Franc Strategist;Buckinghamshire;false;Feminino
4;quantifying Music;Tuna Engineer Generic;2020-01-06T08:12:13;2020-01-05T18:25:53;Rubber;Ohio;Judson_Boyle@hotmail.com;navigating Hawaii;Computer turn-key XSS;true;2020-01-06T06:17:43;Colorado Savings Account;card;pink Metal;EXE;false;Masculino
5;Fresh;innovate Plastic;2020-01-06T00:23:43;2020-01-06T04:43:37;Refined copy;Cloned;Gretchen_Jacobs57@gmail.com;Factors;Buckinghamshire Devolved Generic Granite Keyboard;true;2020-01-06T04:00:11;Sleek Concrete Salad AGP;fuchsia 1080p Keys;Djibouti Persistent;transmitter;true;Masculino
6;Checking Account Tennessee;Oman;2020-01-05T11:35:07;2020-01-05T22:39:45;Awesome Granite Car;Kids;Leola58@gmail.com;Harbor Strategist didactic;protocol Berkshire;false;2020-01-06T03:29:31;bifurcated Awesome Plastic Car bluetooth;Persistent orchid;Home Loan Account ROI;gold;false;Masculino
7;Small;Secured Awesome bricks-and-clicks;2020-01-05T21:58:04;2020-01-05T22:04:21;De-engineered Drives red;B2B;Tre.Welch83@yahoo.com;tertiary Outdoors;Colorado;true;2020-01-05T16:35:30;azure;adapter;GB;extend;true;Feminino
8;Oman;payment models Switzerland;2020-01-05T22:37:32;2020-01-06T07:30:55;Kuwaiti Dinar metrics cyan;withdrawal;Cydney_Jacobs@gmail.com;object-oriented uniform;Plains Uganda interface;true;2020-01-06T01:19:09;Iceland Krona;bypassing South Dakota;Associate Canada;reboot driver Ball;true;Masculino
9;Producer North Dakota Usability;platforms Computers SAS;2020-01-06T07:38:11;2020-01-05T23:01:50;SMTP;North Carolina task-force;Kyleigh_Langworth@gmail.com;Senegal Officer Sleek Metal Chicken;teal;true;2020-01-06T06:45:43;backing up invoice;Public-key withdrawal Croatia;primary initiatives Garden;Gorgeous Granite Gloves Arizona;true;Feminino
10;copy;neutral;2020-01-05T20:26:45;2020-01-06T09:43:29;Automotive Marketing;Central;Erich_Simonis@yahoo.com;Pants;Reverse-engineered Principal mobile;true;2020-01-05T21:22:46;Direct invoice;payment;frictionless;Identity Future schemas;false;Feminino
